id,street,number,city_id
1,Campo de Gonçalves,432154,31000
2,Trevo Duarte, 40,353702,40723
3,Aeroporto de da Conceição, 14,129606,49132
4,Estrada Maria Isis Sampaio, 1,28416,45469
5,Avenida Paulo Cunha,313197,44365
6,Loteamento Cecilia Cavalcante,366505,49288
7,Recanto Théo Marques,255177,50931
8,Trecho de Cavalcante,330058,35595
9,Estação Cirino, 34,174873,17045
10,Trevo Rael Teixeira, 5,104267,32921
11,Pátio Liz Pimenta, 5,5107,21686
12,Alameda Lima, 24,217987,40685
13,Largo da Conceição, 427,176543,40600
14,Praça Bella Cirino, 56,243107,42248
15,Setor Luara Pimenta, 242,400664,17009
16,Colônia de Oliveira, 13,58310,18020
17,Setor de Campos, 35,134166,8024
18,Lagoa de Peixoto, 4,386014,25670
19,Via Valentina Sá, 72,396806,35194
20,Largo das Neves, 68,233766,45637
21,Núcleo João Felipe Correia,264129,29210
22,Núcleo Brito, 4,480813,36142
23,Jardim Montenegro, 77,180232,12281
24,Sítio Bruna da Costa, 446,464361,27083
25,Feira de Vargas,392584,37320
26,Esplanada Kevin Barros, 8,197158,14450
27,Núcleo Vasconcelos, 10,28674,36287
28,Quadra Duarte, 47,485322,28899
29,Conjunto de Barbosa, 71,396735,45355
30,Viaduto Milena da Costa,362957,20561
31,Vereda de Duarte, 66,198405,24736
32,Distrito Hellena Cavalcanti, 6,61090,15726
33,Praça Moraes,374134,6417
34,Via de Costela, 77,445105,41093
35,Avenida Bella Vargas, 54,224205,14211
36,Distrito de Fernandes, 46,333601,4148
37,Aeroporto Nogueira, 15,108954,38493
38,Praça de Silva, 4,386991,4232
39,Rodovia Rocha,147449,28429
40,Estação Teixeira, 71,5505,39171
41,Trevo de da Mota, 88,470576,41699
42,Trecho Luara Borges, 64,21377,17386
43,Setor Maria Flor Martins, 2,40235,14510
44,Vereda Raul Jesus, 229,363613,433
45,Esplanada Pires, 85,296674,19858
46,Alameda de da Cruz, 58,191710,40684
47,Viela Isabelly Borges, 8,58046,4627
48,Aeroporto Elisa Fernandes, 27,330147,20521
49,Largo Ana Luiza Moraes, 8,361430,30471
50,Passarela Sales, 624,215570,5393
51,Conjunto de da Cunha, 197,490927,28104
52,Loteamento Giovanna Andrade, 19,11939,13343
53,Aeroporto Azevedo,136519,35686
54,Trevo Gustavo Henrique Moreira, 7,437487,24617
55,Favela de Montenegro, 34,111670,9035
56,Núcleo de da Mota, 60,128765,25421
57,Setor de Castro,8779,10352
58,Lagoa da Mata, 357,160435,42371
59,Rodovia Viana, 6,335123,49731
60,Jardim Sampaio, 521,10099,9556
61,Quadra de Carvalho,21984,8498
62,Colônia Correia, 7,373602,18454
63,Rodovia Amanda da Rocha, 86,42765,16166
64,Campo Pedro Miguel Silva, 78,151616,44896
65,Jardim Clarice Monteiro, 67,446971,46690
66,Distrito Otto Cirino, 3,137890,35297
67,Núcleo Sabrina Cardoso,357649,49925
68,Lagoa Maria Eduarda Cassiano, 90,478364,15238
69,Praia de Camargo, 558,60441,6877
70,Núcleo Melo, 6,415698,13378
71,Setor José Miguel Rodrigues,86945,22280
72,Pátio Eloá Rocha, 22,403441,45684
73,Lagoa da Cunha, 9,252747,10384
74,Vale Lopes,330310,36819
75,Lago de Monteiro, 69,138912,24361
76,Praia Luiz Felipe Mendes,467550,29272
77,Residencial Natália Farias,77523,22813
78,Vale Oliveira, 17,348946,47012
79,Trevo de Porto,28064,42564
80,Praça Macedo, 73,328228,34781
81,Aeroporto de Duarte, 64,23025,44718
82,Praça Emanuel Melo, 153,430694,50785
83,Lago de Ribeiro, 94,420410,1699
84,Estrada Diego Azevedo, 3,434895,50093
85,Viela Diego Pereira, 820,494512,42261
86,Viela Cunha, 59,454589,8909
87,Setor Rios, 402,217312,23658
88,Campo de Fonseca,237398,37712
89,Chácara Campos, 3,282091,20988
90,Quadra Maria Laura Ferreira, 60,457325,28494
91,Fazenda Cardoso, 22,89286,2166
92,Passarela Felipe Barbosa, 60,62407,18021
93,Feira de Leão,353583,47605
94,Rodovia de Araújo, 55,327053,18700
95,Via de Costela, 33,473697,34533
96,Morro Natália Brito, 25,439778,31892
97,Vale de Fogaça, 103,113568,25629
98,Vale Dante Cirino,260870,43740
99,Parque Pereira, 37,273673,22058
100,Estrada Nathan Araújo, 235,318444,14326
101,Colônia Lima, 6,47667,34218
102,Condomínio Joana Novais, 64,393067,1811
103,Favela Cardoso, 8,26136,14499
104,Setor de Nascimento,500204,25220
105,Viela Otávio Rodrigues, 71,119347,725
106,Vereda João Farias, 75,247992,31624
107,Setor Vargas,179822,45695
108,Passarela de Cirino, 88,321905,42489
109,Jardim Marques, 38,236340,2402
110,Estrada de Ferreira, 169,171409,16309
111,Trevo Julia Sousa, 40,463748,8863
112,Rua de Oliveira, 852,468969,3385
113,Ladeira Caldeira, 19,359248,39452
114,Favela de Carvalho,134046,44963
115,Pátio de Fogaça, 19,413055,29021
116,Recanto Porto,215278,7689
117,Residencial Bento Monteiro, 15,122625,38304
118,Recanto da Paz, 24,226827,46240
119,Via de da Paz, 230,431069,32964
120,Residencial Pastor, 98,144463,41117
121,Setor Fernandes, 50,342849,21911
122,Praia de Guerra, 72,214512,35325
123,Passarela Pires, 9,499841,49349
124,Ladeira Benjamin Cunha, 80,371994,46267
125,Travessa Pacheco, 798,71719,9420
126,Lago Isabella Abreu, 74,319908,36947
127,Lago Arthur Gabriel Monteiro, 128,90983,24383
128,Lago Brito, 36,411272,9632
129,Avenida Danilo Martins, 373,114754,49547
130,Praça Martins, 93,46993,39121
131,Via de Cardoso, 54,333552,38426
132,Avenida de Machado, 88,112186,38822
133,Via José Pedro Pinto, 83,319263,35080
134,Aeroporto Santos, 21,460056,9721
135,Núcleo Zoe da Luz,411931,18487
136,Praia Raquel Vargas, 103,8226,5136
137,Trevo Ana Carolina Rodrigues, 75,308847,49940
138,Condomínio de Câmara, 964,473040,30127
139,Trevo de Abreu, 27,181597,13499
140,Vereda Gustavo Garcia, 99,427350,29456
141,Estação de Cardoso,402685,23180
142,Jardim Melo, 535,497374,1755
143,Campo Luiz Gustavo Lopes, 3,490866,19501
144,Esplanada Gabriel Garcia, 36,147511,40523
145,Rua de Monteiro, 5,329089,13244
146,Jardim de Ferreira,68664,8438
147,Distrito Pacheco,254815,36742
148,Travessa de Gonçalves, 58,85310,40670
149,Quadra de Moreira, 58,428171,49207
150,Trecho Gonçalves, 607,352927,7718
151,Conjunto Rodrigues, 18,114756,11954
152,Passarela de Freitas, 12,464255,42158
153,Loteamento de da Costa, 16,274237,4031
154,Vila Albuquerque, 64,193673,12276
155,Loteamento de Cavalcanti, 65,300227,20284
156,Lagoa de da Cruz,413534,6943
157,Vereda Theo Câmara,308839,38620
158,Colônia de Fonseca, 53,195516,40168
159,Esplanada das Neves, 8,322506,48531
160,Via de Souza,55736,5473
161,Conjunto Gabriel Lima, 85,452508,24260
162,Distrito Ravy Fernandes, 22,155416,47981
163,Vereda Sales,6828,38380
164,Morro Gael Henrique Cassiano, 159,367056,4211
165,Campo de Silva, 939,210,12897
166,Vereda Cauê Marques, 3,399257,44539
167,Estação de Peixoto, 586,492533,38371
168,Núcleo Maria Vitória Brito,400892,19091
169,Avenida Duarte,243507,50333
170,Sítio de das Neves, 92,496378,4422
171,Esplanada de da Paz,456737,49357
172,Ladeira da Rosa, 81,73665,46453
173,Área Milena Gomes, 54,44715,10503
174,Praça de Almeida, 16,413817,37716
175,Via Melo,493409,11773
176,Recanto Anthony Gabriel Porto, 90,82778,14707
177,Feira de Andrade, 16,41789,32459
178,Favela Ramos, 18,188894,32586
179,Praia de da Costa, 932,460646,45511
180,Estação de Barbosa, 29,139889,1391
181,Jardim de Aragão, 951,354035,26587
182,Esplanada de da Cruz, 38,214012,13783
183,Rodovia de Souza,441646,48736
184,Praia Mirella da Rosa,20772,17179
185,Alameda Giovanna Santos, 28,81938,3835
186,Lago Clarice Martins, 20,439817,32167
187,Trevo Manuela Pires, 69,368288,44855
188,Área Rodrigues, 83,410937,18790
189,Conjunto de Pinto, 738,165300,11480
190,Vila Ribeiro, 48,447911,48106
191,Aeroporto Caleb da Costa, 64,395742,15801
192,Quadra de Casa Grande,244364,1995
193,Estação Casa Grande, 85,241127,15167
194,Trevo da Cunha, 938,45541,1733
195,Aeroporto Dias, 13,171652,11839
196,Travessa Manuela Aragão, 3,276526,30985
197,Praia de Moreira, 7,338376,16871
198,Aeroporto Vargas,124107,42384
199,Lago Aparecida, 461,257029,5041
200,Feira de Araújo, 64,125065,11026
201,Trevo Caroline Campos, 121,365533,48251
202,Campo Marina Caldeira, 999,358987,31249
203,Aeroporto Bruna Jesus, 10,359171,49436
204,Núcleo de da Paz, 554,188503,44285
205,Viaduto de Peixoto, 89,241253,11414
206,Alameda Silva, 29,389470,39293
207,Loteamento de Duarte, 1,348860,50098
208,Travessa Lopes,436575,5539
209,Loteamento de Garcia, 3,24397,29948
210,Praia Martins, 608,270112,34018
211,Parque João Lucas Siqueira, 5,183655,8011
212,Praia de Barbosa, 97,444065,28790
213,Aeroporto de Câmara, 24,105923,23428
214,Passarela Ana Sophia Leão, 57,6491,47885
215,Rodovia Manuella Carvalho, 72,201434,41903
216,Ladeira Viana, 84,18327,31915
217,Área Ana Carolina Brito, 493,225607,46394
218,Chácara de Andrade, 31,57682,10986
219,Área Costa, 77,125557,9277
220,Praça Arthur Gabriel Cardoso, 68,190032,39011
221,Residencial João Guilherme Mendes, 7,477974,20180
222,Setor Oliver Andrade, 148,74993,10684
223,Estação de Nascimento, 10,132626,42085
224,Travessa Macedo, 66,498702,29266
225,Vereda de Vieira, 22,128127,42831
226,Fazenda de Pinto, 57,135770,28399
227,Favela de Santos,385489,43766
228,Ladeira de Cunha, 26,139767,28858
229,Loteamento de Garcia, 37,19542,19692
230,Alameda Rodrigues, 7,465225,12364
231,Recanto de Leão,142574,39333
232,Trecho de da Mota, 891,355346,35494
233,Feira de Cassiano, 48,6886,46678
234,Núcleo de Pinto, 77,51162,5156
235,Rodovia Novais, 103,307984,40361
236,Morro Pimenta, 55,380263,26329
237,Lago Vitor Gabriel Aragão, 39,287066,50256
238,Lagoa da Cunha, 707,425590,36073
239,Conjunto de Fonseca, 14,433400,21980
240,Estrada Maitê Moraes, 961,375787,32804
241,Rodovia de Jesus, 2,182373,28648
242,Rua Maria Fernanda Rodrigues, 8,494509,49052
243,Praia de Teixeira, 24,274686,28237
244,Esplanada Freitas, 12,320274,38390
245,Morro Luiz Felipe Campos, 11,51464,6408
246,Colônia Pinto, 936,413720,47414
247,Conjunto Rebeca Lopes, 1,480724,10387
248,Viaduto de Montenegro, 92,197732,19346
249,Núcleo de Farias, 79,117284,26894
250,Esplanada Leão, 51,38323,46659
251,Área de Mendonça, 57,175324,49550
252,Área Nascimento,246594,28285
253,Chácara Vargas, 73,426566,24920
254,Conjunto Sá, 81,136690,19383
255,Vila de Sá,3197,23715
256,Via Vitor Gabriel Teixeira, 42,310014,20262
257,Largo Leandro Silveira, 836,153434,9365
258,Quadra Cavalcante,184863,28913
259,Vereda Ribeiro,4814,15658
260,Feira Abreu, 55,268246,21184
261,Fazenda de Rocha, 21,841,48028
262,Trevo de Viana,40945,7116
263,Viela Gomes, 29,176449,36427
264,Condomínio Nogueira, 3,466110,5869
265,Estrada Alves, 9,211639,20659
266,Recanto Ferreira, 72,338954,27839
267,Alameda Sophia Caldeira, 76,179008,47806
268,Estrada Teixeira,448069,13367
269,Campo Cardoso, 927,313422,2149
270,Quadra Ana Beatriz da Cruz, 65,115372,42803
271,Travessa Pastor, 21,216790,4041
272,Recanto Cassiano, 364,480219,34911
273,Praia Levi Cirino, 860,5554,48504
274,Recanto Pastor, 282,330113,23317
275,Jardim Francisco da Costa, 8,236739,42950
276,Campo de Santos, 36,324479,1415
277,Campo de Silveira,474287,24718
278,Largo Felipe Silva, 11,259258,39323
279,Trevo Sofia Melo,32654,1685
280,Morro Almeida,467426,31784
281,Alameda Ana Julia Azevedo, 98,401950,50418
282,Praia de Araújo, 41,88712,44958
283,Feira Leão,311586,14196
284,Loteamento de Ramos, 5,149764,42144
285,Estrada de Dias, 7,195315,49564
286,Colônia de Lima, 40,189158,44376
287,Sítio Aragão,102436,6157
288,Praça Pietra Silva, 93,259238,26773
289,Núcleo Paulo Teixeira,144083,42252
290,Trevo Novaes,130316,239
291,Viela de Caldeira, 5,136771,43455
292,Via de Moreira, 9,40676,7971
293,Área Lívia Monteiro, 17,463483,34682
294,Ladeira de Pastor, 80,205987,1410
295,Praça Isabelly Montenegro, 47,462940,41561
296,Avenida de Correia, 1,82974,43767
297,Avenida Murilo da Mota, 44,403657,5678
298,Trecho Gomes, 43,399563,3308
299,Estrada de da Cunha, 211,277485,34141
300,Fazenda Alexandre Montenegro, 71,399137,23571
301,Estrada Leandro Barros, 46,21549,40352
302,Alameda de Camargo, 91,357214,42648
303,Praça Gabriel Oliveira,395873,42247
304,Área de Rocha, 57,147334,989
305,Residencial Fernanda Fonseca, 63,222881,33461
306,Fazenda Ramos, 69,495819,31366
307,Passarela Maya Barbosa, 893,327573,24038
308,Núcleo Costela, 33,468969,32199
309,Praia Peixoto, 86,407980,15697
310,Esplanada da Mota, 8,92562,41471
311,Quadra de Pinto, 635,393895,6664
312,Setor Barros, 81,187058,1245
313,Parque Cecília da Cruz, 4,31240,1646
314,Vila Moreira, 82,216305,48247
315,Ladeira de Vargas, 6,378164,4072
316,Sítio de Rezende, 13,274473,50921
317,Setor Almeida, 8,237819,30218
318,Trevo de Moraes, 67,459116,14014
319,Área de Abreu, 90,318516,40690
320,Favela Gonçalves, 893,390131,37033
321,Trecho Aurora Melo, 9,458088,43360
322,Rodovia de das Neves, 27,421195,16752
323,Colônia de Andrade, 61,402340,17595
324,Esplanada Pietro da Cruz, 6,326340,2296
325,Ladeira de Barbosa, 71,477038,28062
326,Lago Mendes,20971,40383
327,Chácara Ana Vitória Pastor, 84,214075,11758
328,Residencial de Marques, 989,340942,37580
329,Alameda Bárbara Rodrigues, 4,482441,29194
330,Travessa Samuel Teixeira, 58,142819,17592
331,Avenida de Brito, 36,110278,46021
332,Parque Luigi Oliveira, 12,223108,40064
333,Viaduto Oliver Campos, 12,91071,38435
334,Vila Marcela da Cunha,311021,40783
335,Setor de Carvalho, 69,446818,33520
336,Setor de Castro, 45,180903,38905
337,Setor de Brito,443287,45792
338,Estação Porto, 33,103984,4298
339,Jardim de Pacheco, 76,39924,41088
340,Sítio Andrade, 40,430951,9968
341,Condomínio da Rocha, 617,37958,31027
342,Rua Souza, 347,238426,9791
343,Vereda de Pinto, 89,396164,49022
344,Quadra de Cirino, 17,480312,11360
345,Feira de Gomes, 60,27722,49328
346,Chácara de da Cruz, 27,358494,19240
347,Vale Dias, 78,181583,25687
348,Colônia Farias, 42,151416,844
349,Praça de Dias,127726,19211
350,Condomínio Oliveira, 8,328207,22112
351,Residencial Henry Costela,303940,17710
352,Praça de Câmara, 2,328345,4187
353,Condomínio de Gonçalves, 844,292939,16339
354,Trevo de Fogaça, 91,211113,27536
355,Rodovia de Barros, 7,134013,11535
356,Campo Luiz Felipe da Costa,242194,16886
357,Residencial de Jesus, 789,62314,7989
358,Parque Guilherme Pires, 35,301917,18651
359,Vila Ana Beatriz Moreira, 88,312529,28065
360,Esplanada Garcia, 68,257465,26933
361,Loteamento Brenda Ferreira, 70,395492,3243
362,Favela Pereira, 8,36083,11609
363,Rodovia Pinto, 238,91706,46554
364,Loteamento Correia, 552,492625,250
365,Via Albuquerque, 56,65768,37641
366,Alameda de Almeida, 79,72358,42539
367,Sítio de Melo, 44,333571,9055
368,Rodovia de Moraes, 582,172684,37965
369,Avenida de da Cunha, 1,472127,21461
370,Largo Yago Moura, 3,349384,13147
371,Setor Ana Julia Caldeira, 513,401038,40768
372,Loteamento Maitê Siqueira, 77,39243,9239
373,Viela Ian da Costa, 86,453829,3253
374,Avenida da Mota,216786,25707
375,Sítio Hadassa Farias, 46,161146,49790
376,Colônia Bella Dias, 7,67672,12436
377,Chácara de Sales, 97,55516,32346
378,Pátio de Teixeira,86143,43987
379,Colônia Rios, 16,33467,8358
380,Fazenda Fernandes, 327,202718,37817
381,Viaduto Pedro Miguel Montenegro, 927,219514,51098
382,Fazenda Martins,392553,15466
383,Esplanada Pires, 18,71699,50251
384,Quadra de Souza, 882,21854,11681
385,Avenida de Macedo, 65,312850,38110
386,Favela Vargas, 720,62726,44404
387,Lagoa de Garcia, 8,286031,30632
388,Via Novais, 1,425515,14407
389,Campo Valentina Silveira, 31,491222,49762
390,Rua de Costela, 44,3275,5855
391,Travessa de Pinto, 342,134680,13906
392,Parque Lara Silva, 50,68355,28786
393,Trevo de Rezende, 4,378999,14399
394,Distrito Nascimento, 655,435696,14713
395,Condomínio Marcela Pacheco, 82,442181,33828
396,Rua Cardoso,201186,26195
397,Vila Ana Sophia Almeida, 9,230633,42742
398,Sítio de Cardoso, 7,343014,23071
399,Ladeira de Vasconcelos, 95,424142,24609
400,Praça de Gomes, 772,214384,45862
401,Avenida de Alves, 41,488069,11540
402,Ladeira de Guerra, 20,86574,36568
403,Setor Camargo, 86,438544,34421
404,Travessa Ana Lívia Machado, 77,190828,32791
405,Recanto João Lucas Cavalcante, 129,159452,30311
406,Loteamento Cirino,267305,26365
407,Setor Matheus Vasconcelos, 24,61914,13894
408,Lagoa de Cunha,260422,20103
409,Viaduto Abreu, 88,314540,14355
410,Lago Souza, 39,129304,8107
411,Estação de Peixoto, 276,451430,30416
412,Lago Lucas Nunes, 20,155286,3691
413,Ladeira Nunes, 982,453052,5308
414,Passarela Maria Helena Novais,463649,28674
415,Passarela de da Paz,27240,2748
416,Largo Cassiano, 600,420278,12753
417,Ladeira de Machado, 763,136972,10836
418,Trecho de Barros, 531,319686,8502
419,Largo Olívia Castro,192082,45376
420,Ladeira João Miguel Pacheco, 87,365495,40689
421,Rodovia de Costa, 85,168227,50593
422,Área de Marques, 12,199304,7796
423,Estrada de Novaes, 10,61182,1816
424,Sítio Santos, 57,260099,41737
425,Alameda de Mendes, 11,30407,48458
426,Recanto de Barbosa, 74,380133,16793
427,Largo de Castro, 920,28188,9433
428,Residencial de Almeida, 5,201309,21679
429,Trecho de Garcia, 76,192192,14783
430,Avenida Vasconcelos, 388,468114,4041
431,Via Rezende, 25,256657,43898
432,Ladeira de Correia, 49,47867,22050
433,Chácara Alves, 56,327952,48589
434,Praça Melina Pacheco, 86,88001,47846
435,Vila de Almeida,488487,48356
436,Área Oliver Peixoto, 63,467828,8606
437,Feira de Souza, 40,247490,23299
438,Feira Stephany Albuquerque, 61,20267,33927
439,Recanto Pinto,12607,46830
440,Avenida da Paz, 3,407524,41657
441,Trecho Cecilia Camargo, 98,81481,18546
442,Vereda de Moreira, 65,353693,48903
443,Conjunto de Azevedo, 56,380603,20353
444,Aeroporto Liz Macedo,111953,35597
445,Feira Maria Júlia Vieira, 3,282348,6268
446,Vereda Apollo Mendonça, 436,354291,549
447,Alameda Leão, 6,265103,32572
448,Trevo Arthur da Rosa, 2,339984,48143
449,Trevo Moura, 79,302098,13050
450,Distrito da Cunha, 6,303187,12043
451,Pátio Moreira, 56,314965,28959
452,Morro Bento Martins, 43,186691,43943
453,Quadra de Duarte, 39,176051,31307
454,Vereda de da Costa, 15,173282,24621
455,Alameda de Lima,33916,43046
456,Vereda de Pinto, 502,18666,33049
457,Aeroporto de Silva, 22,193968,37415
458,Chácara de Abreu, 5,371476,37397
459,Fazenda de Castro, 74,76267,33640
460,Vereda de Nogueira, 99,104890,32608
461,Vereda Almeida, 2,117015,37702
462,Jardim de Caldeira, 54,225064,50624
463,Lagoa Benicio da Rosa, 7,223195,41131
464,Favela da Cunha, 53,317156,49498
465,Fazenda de Fernandes,378649,6440
466,Rua Jesus, 24,200507,5162
467,Loteamento Maria Liz Vieira, 9,87982,2542
468,Lagoa Ravi Lucca Almeida,100094,29772
469,Chácara Sara Santos, 10,107827,7928
470,Ladeira de Ribeiro, 42,409657,33728
471,Setor Otto Aparecida, 33,218420,1386
472,Largo Sampaio, 7,407090,32716
473,Trevo de Castro, 7,34987,49573
474,Jardim Otávio Moraes, 5,54457,24373
475,Conjunto de Silveira, 53,94138,46411
476,Residencial Brito, 600,220744,31963
477,Rodovia de Andrade, 278,92521,40282
478,Morro Bella Lopes, 3,443000,46166
479,Loteamento Fonseca, 967,94721,17248
480,Rua de Monteiro, 93,231584,27066
481,Favela Maria Liz Almeida, 14,28681,41091
482,Recanto de da Mota,122241,33797
483,Pátio Silveira, 263,140579,893
484,Quadra Pires, 7,428013,41472
485,Viela Gonçalves,374028,29392
486,Largo João Vitor da Luz,483767,41433
487,Praça de Barros, 53,397989,6207
488,Setor Mathias Costela, 728,274068,1654
489,Feira Almeida, 1,35032,42758
490,Alameda Luísa Ramos, 762,446145,35480
491,Passarela Ana Carolina da Rosa, 261,30453,44680
492,Colônia Ester Monteiro,466495,45985
493,Loteamento de da Cruz, 121,57357,16167
494,Avenida Câmara, 8,201010,17271
495,Trevo de Aragão, 141,385450,15999
496,Passarela Kevin Macedo, 79,443611,19397
497,Viaduto de Ferreira, 217,8651,18508
498,Residencial de da Costa, 63,160975,5793
499,Rua Mendonça, 3,149788,9972
500,Alameda Cavalcanti, 7,311444,22312
501,Colônia Lara das Neves, 82,304390,23914
502,Vila Carlos Eduardo Cavalcante, 20,479236,356
503,Praia Miguel Brito, 72,60418,24245
504,Praça de da Mota, 29,391916,20710
505,Viela João Vitor Teixeira, 89,268423,41462
506,Lagoa Ana Clara Machado, 1,165504,16261
507,Viaduto de Alves, 64,42535,37805
508,Lago de Fogaça, 44,311483,1437
509,Quadra Camila Cirino, 63,411561,35046
510,Fazenda de Cardoso, 31,170910,15381
511,Pátio Fernanda Lopes, 8,334753,34247
512,Pátio Luísa Sá,208908,42921
513,Fazenda de Guerra, 86,399532,15066
514,Quadra de Jesus, 93,125810,6959
515,Lagoa Sá, 25,206050,50312
516,Favela de Camargo,72851,47400
517,Aeroporto de Peixoto, 35,59779,27382
518,Avenida Kamilly Silva, 8,244746,34856
519,Lago Fogaça, 62,231462,17784
520,Rodovia de Pimenta, 713,280992,27602
521,Trecho Mariana Cunha, 82,285352,19479
522,Viaduto Maria Flor Carvalho, 468,258151,13323
523,Feira de Macedo, 12,324982,47893
524,Jardim de Fernandes, 87,363824,40578
525,Esplanada Viana, 8,384156,36650
526,Trevo de Caldeira, 821,151020,7646
527,Parque Almeida, 8,49945,38555
528,Chácara de Moura,199786,28889
529,Travessa Cassiano, 81,95273,30477
530,Campo de Cavalcante, 164,431692,26837
531,Chácara de da Cruz, 40,69663,6414
532,Área de Albuquerque, 99,72371,28216
533,Largo Nunes, 7,54000,17943
534,Colônia Maya Costela, 67,230038,8452
535,Vale Jesus, 87,46593,32082
536,Lago de da Cruz,423274,18476
537,Recanto Pedro Miguel da Rocha, 64,358195,45760
538,Feira Brito, 61,47133,27482
539,Feira de Santos, 15,62870,26699
540,Passarela de Martins, 9,324283,30345
541,Lagoa de Teixeira, 38,293993,37046
542,Área Luiza Cardoso,481774,2310
543,Pátio de da Cruz,159604,6389
544,Quadra de Montenegro, 67,187607,41008
545,Rua de Porto,498043,19726
546,Aeroporto Pacheco, 80,331493,42300
547,Distrito de Montenegro, 84,123613,32422
548,Campo Macedo, 677,139070,14508
549,Pátio Vieira, 27,491543,33820
550,Campo Costela, 2,21124,12287
551,Travessa Pinto, 761,68197,26486
552,Rua de da Cunha, 785,119403,37882
553,Chácara Nascimento, 412,99507,7050
554,Via Ana Sophia Rodrigues, 242,404729,4723
555,Núcleo Bárbara Pastor, 805,89613,33484
556,Trecho de Montenegro, 55,476046,7467
557,Núcleo Castro, 83,376591,47956
558,Esplanada de Cavalcante, 814,449574,7489
559,Viaduto Cunha, 12,96678,42730
560,Largo Vargas, 58,31660,2091
561,Lagoa de da Cruz, 7,26935,42129
562,Distrito Viana, 27,40930,41889
563,Lagoa de Nogueira, 825,436084,45512
564,Jardim de Alves, 37,76571,39725
565,Trecho de Pereira, 2,378621,377
566,Colônia Alexia Santos,336863,4232
567,Alameda Ana Lívia Mendonça, 91,16366,45460
568,Rodovia Amanda Aragão, 8,472293,44640
569,Residencial Ana Clara Albuquerque,366839,23471
570,Jardim de Aragão, 59,180536,23006
571,Área Isabelly Martins, 94,351933,26138
572,Favela Manuella Novais,120185,49549
573,Avenida de Farias, 6,469231,5784
574,Parque Pietro Vargas, 5,308386,26386
575,Colônia Felipe Cardoso, 83,233750,37636
576,Largo de da Mota,498355,11775
577,Vale Gonçalves, 285,1650,28298
578,Núcleo Correia, 79,492113,44028
579,Setor de da Luz,122917,43492
580,Chácara Sousa, 965,255152,15188
581,Viela de Campos, 66,94608,6125
582,Fazenda de Santos, 76,284693,26531
583,Feira de Borges,158881,44169
584,Jardim Vitor Gabriel Pinto, 31,42517,47947
585,Sítio de Barros, 20,427465,361
586,Colônia Isabela da Conceição, 51,454927,33683
587,Travessa de Costa, 241,369389,21604
588,Quadra Andrade,3597,39277
589,Avenida de Machado, 67,9235,28200
590,Distrito da Costa, 62,305108,21118
591,Viela Montenegro, 78,409913,31451
592,Residencial Maria Laura Viana, 60,280759,50676
593,Feira de Nogueira, 2,147700,48890
594,Lago Viana, 88,445617,39146
595,Chácara Ramos,193616,43814
596,Praça de Farias, 11,356756,34002
597,Fazenda de Rezende, 46,455534,35715
598,Recanto de Melo, 24,452926,11264
599,Núcleo Carolina Gonçalves, 17,447297,1427
600,Área de Sales, 912,179424,46927
601,Chácara Heitor Cavalcanti, 3,336943,18717
602,Pátio de da Cunha, 56,324225,19890
603,Viela Raquel Cirino, 38,175339,25747
604,Praça Sousa, 61,78142,4604
605,Viaduto da Mata, 11,407944,51076
606,Aeroporto de da Mota, 278,254593,18850
607,Feira Ana Lívia Azevedo, 85,380112,15726
608,Distrito de Silva,490300,42230
609,Jardim de Aragão, 36,81660,40095
610,Colônia Abreu,437358,2649
611,Colônia Benjamim Porto, 40,444944,14860
612,Jardim Costa, 551,340613,45420
613,Recanto de Rodrigues, 9,378916,18744
614,Núcleo de Montenegro, 945,357488,35867
615,Área Marcelo Moura,47414,22973
616,Praia Bella Silveira,32066,22665
617,Fazenda Danilo da Mata,367013,376
618,Quadra de Carvalho,147070,45652
619,Ladeira Emanuella Duarte,205732,25383
620,Estrada Nascimento, 41,374780,16402
621,Praia Vitória Cardoso, 6,163477,20681
622,Ladeira de Moreira, 278,462928,13178
623,Favela Nascimento, 29,421960,35444
624,Chácara de Correia, 32,346289,43404
625,Trevo da Luz, 86,74256,35972
626,Lagoa de Fonseca, 84,151164,18217
627,Núcleo Maria Júlia Rezende, 8,146774,8849
628,Via Diogo Pinto,390624,658
629,Esplanada Gabrielly Lopes,70363,27665
630,Aeroporto Gabriel Mendes,484547,37529
631,Via Moreira, 20,439908,25791
632,Residencial Vasconcelos, 37,92378,15827
633,Passarela Sophia Abreu, 684,447147,19988
634,Setor de da Rosa, 716,183175,18557
635,Colônia de da Luz, 53,333462,23193
636,Avenida Vieira, 46,410756,38563
637,Ladeira de da Paz, 21,423502,17683
638,Núcleo Luísa da Rosa,273384,17437
639,Aeroporto da Paz, 73,416865,19269
640,Distrito de Jesus, 69,345494,25119
641,Estação da Conceição, 62,209363,18487
642,Distrito de Campos, 81,467856,34494
643,Rodovia de Farias, 57,69586,26964
644,Passarela Catarina Santos, 3,275439,15394
645,Vale de Rezende, 4,97113,5896
646,Campo Vitória Souza,177049,11184
647,Condomínio de Mendonça, 37,135601,30577
648,Residencial de Leão, 54,257276,33993
649,Sítio de Gomes, 40,456587,45045
650,Trecho da Conceição, 4,108445,21392
651,Núcleo de Gonçalves, 93,4548,11300
652,Praia Sá, 21,102695,45852
653,Trecho Sampaio, 478,141286,29272
654,Viaduto Ryan Leão, 472,412448,40746
655,Sítio de Freitas, 63,146410,39971
656,Vereda de Novais,100347,4044
657,Sítio Viana, 20,366406,8401
658,Viela de Ribeiro, 92,256327,14419
659,Vale Renan Monteiro, 10,93463,21390
660,Morro Macedo, 146,334195,17024
661,Quadra de Alves,419848,42349
662,Praia de Casa Grande, 543,119471,45019
663,Pátio Cardoso, 79,145472,39021
664,Colônia Rios, 383,485668,30259
665,Colônia das Neves, 66,209556,32351
666,Estação Freitas, 488,254636,22352
667,Vila de Farias, 94,265303,45952
668,Favela Emanuelly Albuquerque, 15,89986,22413
669,Esplanada de da Conceição, 19,489265,5938
670,Lago Manuella Carvalho, 39,492583,34085
671,Fazenda de Jesus, 269,175510,5499
672,Esplanada de Casa Grande, 94,198933,40432
673,Lagoa de da Costa, 63,210129,35825
674,Vereda Theo Cardoso, 80,472688,25968
675,Praia de Carvalho, 78,389009,43915
676,Distrito de Borges, 317,48186,26801
677,Vale Monteiro, 4,320620,35464
678,Lago Laís Vasconcelos, 9,266438,160
679,Lagoa Aylla Cirino, 6,186332,10323
680,Praia Gustavo Fernandes, 54,463478,30321
681,Trecho Oliveira, 96,371909,33842
682,Residencial Antônio Aparecida, 767,68382,45292
683,Rua Maria Isis Brito, 21,478092,27102
684,Residencial Rios, 26,422111,40510
685,Parque Alice Mendes, 65,259297,9973
686,Aeroporto Câmara, 20,482988,27192
687,Vereda de Cassiano, 15,98453,46610
688,Aeroporto Emanuel da Mota, 27,54864,35290
689,Recanto de Pacheco, 608,325770,31942
690,Recanto Henry Vargas,171987,14340
691,Estação de das Neves, 52,197796,47546
692,Loteamento Eloah Castro, 5,313280,16652
693,Avenida Viana, 29,271838,8884
694,Conjunto Garcia, 878,481894,39473
695,Chácara Cassiano, 333,191575,40617
696,Lago de Martins, 90,182169,30824
697,Setor de Ribeiro, 65,345611,31538
698,Viaduto Zoe Cavalcante, 99,245888,105
699,Área Ferreira, 42,148644,12456
700,Recanto da Mota,308404,30043
701,Praia Valentim Câmara, 82,171969,2085
702,Praça Cirino, 37,399835,16155
703,Largo da Rocha, 9,334186,9598
704,Quadra Rodrigues, 75,319402,24017
705,Passarela Câmara, 90,291581,17239
706,Jardim Luiza Siqueira, 4,302115,44455
707,Estação Cunha,44699,18676
708,Recanto de Campos,137534,6345
709,Morro Pereira, 96,204568,17672
710,Jardim de Pereira,357662,21023
711,Recanto Duarte, 39,489584,28315
712,Conjunto Moreira,383613,14649
713,Trevo Marina Garcia, 6,220024,46263
714,Pátio Emilly Mendes,414741,46565
715,Conjunto de das Neves, 6,461202,16217
716,Trevo de Pacheco, 58,449138,23491
717,Praça de Novais, 773,322166,17190
718,Campo Marcelo Gomes, 3,124335,15238
719,Pátio Rodrigues, 530,358777,47913
720,Loteamento Caio da Luz, 165,428663,6861
721,Jardim Souza, 561,62145,5415
722,Aeroporto Albuquerque, 6,332948,28869
723,Viaduto de Aparecida, 55,200600,49590
724,Viaduto Maya Nogueira, 64,358510,9481
725,Morro Helena da Conceição, 81,7187,32839
726,Sítio Mariana Dias, 3,6595,39783
727,Praça de Brito, 40,277103,29862
728,Loteamento Alice Rezende, 444,402272,32015
729,Alameda Augusto Souza, 566,106812,49821
730,Setor Helena Borges, 962,77451,39635
731,Passarela Isadora Siqueira, 5,290180,38591
732,Travessa Vargas, 115,143771,25477
733,Esplanada Monteiro, 71,452194,13782
734,Lagoa de Aparecida, 84,124647,11842
735,Rua Bento Vasconcelos,350570,47808
736,Conjunto Moraes, 5,415681,39835
737,Condomínio de Rios,450352,38517
738,Vale de Oliveira, 487,368496,10598
739,Praia Castro, 5,381073,1052
740,Recanto Lunna Caldeira, 6,43064,24406
741,Residencial Carolina Rodrigues, 554,347604,31266
742,Lagoa de Barbosa, 50,226087,18805
743,Estrada de Novais, 7,69477,10092
744,Viaduto Silveira,453650,3317
745,Viaduto José Novaes, 64,204677,16051
746,Largo Gustavo Henrique Lima,172137,24019
747,Morro Júlia Aparecida, 211,387801,24201
748,Rodovia Ísis da Costa, 62,258190,25392
749,Chácara Davi Lucca Vasconcelos, 15,305731,12833
750,Trecho da Cruz, 66,243957,27718
751,Fazenda de Machado, 68,421428,27143
752,Lagoa Teixeira,416282,43632
753,Trecho Léo Santos, 779,64464,31056
754,Alameda Montenegro, 34,359606,46488
755,Setor de Moura, 46,41154,36506
756,Esplanada da Conceição, 724,371046,39388
757,Recanto Anthony da Rocha, 75,477216,35650
758,Vila Paulo Gonçalves, 455,462555,16754
759,Colônia Santos,405875,47263
760,Condomínio Valentina Peixoto, 8,324288,33919
761,Estação Antonella Brito, 4,423040,15719
762,Viela de Aparecida, 68,203963,10216
763,Área Gustavo Albuquerque, 64,40629,50624
764,Morro Albuquerque, 6,103521,19895
765,Quadra de Fernandes,10816,45170
766,Vila Ana Julia Sá, 51,477743,45130
767,Setor Borges,212270,10149
768,Condomínio de Nascimento, 47,307421,10762
769,Lago Dias, 41,488215,38943
770,Esplanada Oliver Sampaio, 47,118546,8903
771,Área de da Mata, 29,68411,47943
772,Residencial Moreira,485000,28607
773,Aeroporto Castro,96504,14399
774,Jardim Luiz Henrique Duarte, 1,150804,37860
775,Estação Brito, 5,211104,39973
776,Loteamento Barbosa, 66,191554,16723
777,Vereda Mendes, 377,369823,39848
778,Condomínio Ana Laura Silva, 2,120366,41035
779,Vale de da Mota,406526,13354
780,Aeroporto Moura, 31,35671,19115
781,Esplanada José Miguel Pimenta, 541,338091,44305
782,Largo Ferreira,24585,30611
783,Residencial Kevin Abreu, 53,78168,8445
784,Lago de da Mota, 96,492385,39580
785,Vale Dias, 7,76659,48314
786,Núcleo de Cirino, 28,207335,31615
787,Morro de Pimenta, 46,237429,19200
788,Largo Pacheco, 16,81708,16059
789,Feira Luana Aragão, 3,482649,38069
790,Morro de Rodrigues,25952,47861
791,Rodovia Liam da Paz, 33,299687,37075
792,Núcleo de Caldeira, 139,316441,37753
793,Colônia Pedro Henrique Ramos, 7,51121,11318
794,Estação Pietra da Rosa, 19,391453,2914
795,Lagoa de Silva, 1,243455,47223
796,Conjunto Novaes, 1,145512,40382
797,Recanto Moraes, 12,38348,17453
798,Trecho de da Mota, 63,345835,42213
799,Loteamento da Rocha, 670,160710,19588
800,Trecho de Moura, 859,37447,15726
801,Conjunto de Pastor, 67,319762,13246
802,Lago de das Neves, 77,192777,797
803,Pátio Ester Alves, 66,184351,42900
804,Parque Bento Teixeira, 92,220465,51095
805,Favela Isabelly Garcia, 25,64195,38495
806,Parque de Cavalcante, 6,316560,45018
807,Rodovia de Rios, 79,298542,16328
808,Condomínio Bento Jesus, 40,119406,10280
809,Conjunto de Montenegro, 43,52967,280
810,Sítio de Pinto,195690,9405
811,Parque de Souza, 5,151331,45407
812,Travessa Sarah Gonçalves, 39,46718,8590
813,Distrito Cirino, 28,392692,6824
814,Jardim Alves, 8,384863,165
815,Parque da Luz, 36,384473,7938
816,Loteamento Thiago Gonçalves, 99,463930,19983
817,Jardim Kaique Costela, 37,496643,29220
818,Estrada de Campos, 57,34505,41943
819,Favela de Silveira, 90,391530,28307
820,Lagoa de Lopes, 526,229379,27018
821,Aeroporto Guilherme Borges,419127,44526
822,Viela Nunes, 231,185730,40177
823,Viela Brito, 500,57015,46573
824,Morro Moura, 89,59488,34948
825,Rodovia Joaquim Pinto,389525,29998
826,Morro de Farias, 465,391698,12716
827,Sítio de Moreira, 2,40935,17590
828,Praia Isabel Martins, 639,32692,1647
829,Trevo Alexia da Mata, 56,191832,43589
830,Viaduto de Moreira, 5,95730,45672
831,Rua Dias, 57,315436,23562
832,Vale de Farias, 4,103605,2678
833,Distrito de Rios, 22,17357,34766
834,Área de Alves, 441,21131,29621
835,Área Emanuelly Porto,486495,8114
836,Lago Melina Moura, 18,288257,4174
837,Sítio de Camargo, 82,212922,49844
838,Via de Aragão, 91,300297,38837
839,Chácara Rios, 76,467042,17842
840,Esplanada Paulo Pacheco, 26,389660,7969
841,Esplanada Cirino, 70,385876,18310
842,Praça da Rosa, 64,117511,6644
843,Loteamento de Novais, 6,318236,48702
844,Via Eloá Macedo, 208,98719,43814
845,Conjunto Emanuel Souza, 684,424587,401
846,Praia Juan da Mota, 28,162205,2420
847,Núcleo Maitê Jesus, 55,316410,23513
848,Praça Ana da Conceição, 8,410632,51044
849,Loteamento Montenegro, 15,340130,38330
850,Quadra Machado, 64,143616,48483
851,Rua de Fonseca, 39,116859,26991
852,Chácara Lucas Casa Grande, 180,199249,38216
853,Estrada de Câmara, 1,157965,46564
854,Passarela Andrade,95542,18768
855,Fazenda de Vargas, 859,179929,11126
856,Alameda de Novaes, 97,345385,26874
857,Ladeira de Mendes,197337,17235
858,Feira Peixoto,25584,25517
859,Condomínio de Castro,405564,38611
860,Fazenda Vargas, 86,123644,14017
861,Feira Nathan Cassiano, 37,198377,25136
862,Sítio Antony Lima, 16,256943,22033
863,Loteamento da Rocha,437583,14420
864,Trecho de Costela, 8,151044,941
865,Avenida de Mendonça,402999,1835
866,Loteamento Gustavo Marques, 786,195311,16298
867,Praça de Viana, 56,46258,25375
868,Passarela de Silva, 73,325424,11974
869,Loteamento de Vargas, 77,468365,44234
870,Feira Vitória Teixeira, 432,127097,11607
871,Condomínio Kamilly Peixoto, 96,424559,46822
872,Conjunto Borges, 570,324718,21403
873,Ladeira Sousa, 1,269537,38569
874,Lago Pedro Nogueira, 606,4149,45591
875,Chácara de Novaes, 26,353553,38199
876,Chácara Aragão,471239,13245
877,Travessa de Melo,26637,14949
878,Campo Monteiro, 477,364476,27703
879,Recanto Porto, 23,305610,6471
880,Via de Rezende,304865,22371
881,Setor de Viana, 55,79314,6521
882,Loteamento Hadassa Sá,52257,8406
883,Travessa de Siqueira, 66,493558,2996
884,Área Valentim Câmara,281685,37034
885,Campo de Aparecida, 80,239397,39659
886,Esplanada Maria Luiza da Rocha, 8,378441,50213
887,Esplanada Guerra, 4,296462,44833
888,Área Vieira, 43,472318,4652
889,Campo Cavalcanti,228340,45016
890,Pátio de Casa Grande, 623,485519,37918
891,Fazenda Fogaça, 11,323937,27173
892,Trevo de Pinto, 1,236844,22800
893,Viaduto de Brito,212379,46920
894,Praça Brenda da Rosa, 743,165612,30651
895,Recanto de Moura,435127,7174
896,Jardim Paulo Moreira, 5,37486,36157
897,Condomínio Silveira, 71,110357,28809
898,Morro Hellena Sá,366698,31349
899,Núcleo Fernanda Oliveira, 90,399177,42357
900,Morro de Aparecida, 36,176591,19466
901,Aeroporto Apollo Caldeira, 185,116984,50675
902,Residencial de Cardoso,173226,30158
903,Praça Novaes, 57,46339,33350
904,Pátio Luara Novaes, 3,188438,2470
905,Praia de Rezende, 729,406804,13814
906,Lagoa de Costela, 150,450410,50507
907,Avenida Melo, 20,41232,4086
908,Sítio João Guilherme Ribeiro, 42,230780,25163
909,Passarela Maria Luísa da Cunha,69758,29026
910,Campo Moraes, 24,201793,11422
911,Loteamento Miguel Freitas,321227,34991
912,Pátio de Peixoto, 89,166150,21471
913,Jardim das Neves, 82,184731,833
914,Travessa de Castro, 63,24927,11451
915,Viaduto Azevedo,105642,24860
916,Estrada da Conceição,60884,4161
917,Via Azevedo, 37,230759,26988
918,Parque Ana Cecília Vasconcelos, 81,420664,24544
919,Estação de Sampaio, 6,403367,2823
920,Trecho de da Luz, 62,220826,15427
921,Fazenda Leão, 95,47928,20117
922,Trevo Ana Beatriz Almeida, 41,490961,38817
923,Alameda de Teixeira, 33,242531,48359
924,Conjunto da Rocha,310140,28335
925,Colônia de Souza,470512,49611
926,Largo de Castro, 51,68348,49930
927,Ladeira Fonseca,317710,30503
928,Trevo Peixoto,461063,1378
929,Largo de Montenegro, 2,488377,25982
930,Campo de Novais, 42,17908,6781
931,Sítio de Campos, 20,442194,15326
932,Residencial Antony Alves,430335,41537
933,Colônia Ribeiro,371388,24922
934,Viela Davi Luiz Lopes, 19,462769,48151
935,Chácara Novais, 257,181632,18482
936,Conjunto Vieira, 3,425916,23962
937,Quadra Gonçalves,116563,40728
938,Via Catarina da Mata, 89,304070,9961
939,Núcleo de Cirino, 8,178774,7258
940,Área de Duarte, 22,85123,252
941,Trecho de da Rocha, 28,223495,44858
942,Parque da Rocha, 65,165729,46561
943,Via Raul Fernandes, 936,327160,38556
944,Praça de da Cunha, 80,326763,15343
945,Fazenda Peixoto, 403,63351,30276
946,Estrada Nina Campos, 9,65588,10993
947,Loteamento de Pereira, 16,254096,29188
948,Travessa Rodrigues, 99,456477,47992
949,Loteamento Daniel Rodrigues, 3,207977,28157
950,Travessa de Brito, 78,195812,42619
951,Vila de Pires, 824,402666,12210
952,Praça de da Conceição, 5,164577,26266
953,Morro de Pires, 11,1817,24618
954,Campo Sá, 51,251226,12334
955,Loteamento da Paz, 72,318755,34052
956,Vila de Lima, 168,396351,49752
957,Praça de Garcia, 128,350242,27693
958,Distrito Pacheco, 67,85734,19000
959,Rodovia da Conceição, 5,156421,45303
960,Vale de Moura, 75,122088,23448
961,Conjunto de Andrade, 13,275350,6381
962,Distrito de Melo, 696,486208,50848
963,Condomínio Josué Abreu, 1,305313,44781
964,Colônia Mateus Araújo, 8,80416,47918
965,Ladeira Pedro Henrique Sá, 51,466814,29498
966,Favela de Ribeiro, 12,355448,8420
967,Quadra Garcia, 772,332860,19663
968,Sítio Cavalcante, 8,412329,3655
969,Núcleo de Marques,16008,35006
970,Passarela de Machado,215238,30623
971,Loteamento de Aragão, 267,24155,44116
972,Fazenda de Lima, 3,78630,43707
973,Rodovia de Correia,425124,22682
974,Alameda de Freitas, 925,173620,46511
975,Setor de Sousa, 87,466239,1291
976,Esplanada Cirino, 41,384153,21423
977,Vila Vasconcelos, 3,69479,7745
978,Praia Arthur Campos, 334,439934,885
979,Favela Caroline Pires, 681,499429,20490
980,Setor Brito, 875,360479,7680
981,Chácara Andrade,131672,3960
982,Trecho Câmara, 15,440648,37552
983,Recanto Monteiro, 2,142850,34750
984,Lagoa Vitória Freitas, 45,54121,47426
985,Colônia de Sá, 2,476262,48334
986,Sítio Gomes, 53,43333,46080
987,Ladeira Pacheco, 23,117870,38454
988,Vale Ana Beatriz Lopes, 70,123303,19492
989,Praça Aragão, 4,90496,30571
990,Quadra Almeida, 60,390832,3642
991,Favela Peixoto, 365,27115,9099
992,Residencial Raquel Andrade,106688,9604
993,Trevo Davi Lucca Silva, 432,405341,29930
994,Avenida da Conceição, 24,160690,23108
995,Pátio de Costela, 595,130567,25342
996,Vereda Pires, 88,140114,47473
997,Rodovia Vitória Lima, 493,139709,20915
998,Praia de Vargas, 75,19818,16739
999,Praça Mendonça,467552,35804
1000,Rua Caldeira,324946,10330
1001,Distrito de Casa Grande, 135,35451,26475
1002,Viela Cassiano, 15,260178,8208
1003,Vale de Cavalcanti, 55,236872,35401
1004,Feira Cassiano,6592,6438
1005,Ladeira Araújo, 434,203076,30421
1006,Aeroporto Santos, 982,393088,46909
1007,Loteamento Isabela Cassiano,251407,50074
1008,Vereda Maria Eduarda Pacheco,78863,38181
1009,Travessa Caldeira,66401,31929
1010,Rua de Barbosa, 69,431197,28570
1011,Estrada de Pimenta, 81,265506,37755
1012,Morro Paulo Ferreira, 5,324839,20321
1013,Trecho Isabelly Guerra, 28,38315,3916
1014,Fazenda de Porto, 23,115396,43332
1015,Largo Correia, 86,274772,36520
1016,Colônia Jesus, 74,411999,29325
1017,Sítio Nathan Cassiano, 70,68698,34401
1018,Setor Montenegro, 5,384118,35521
1019,Praia Maya Cavalcante, 328,463851,32822
1020,Aeroporto Rios, 699,384599,11286
1021,Trevo Leão, 90,255016,30821
1022,Pátio Marcela Pinto, 5,221806,32623
1023,Residencial Murilo Casa Grande, 64,388388,13341
1024,Estrada Sousa, 71,467158,11573
1025,Jardim da Rosa, 697,348448,45438
1026,Recanto Souza, 59,331474,2707
1027,Sítio de da Rocha, 18,140845,29728
1028,Pátio Siqueira, 180,86464,49264
1029,Vereda Gustavo Guerra, 57,486482,22948
1030,Aeroporto de Vieira, 52,288009,29791
1031,Lago de Cirino, 23,145285,8237
1032,Parque de Pinto, 81,139808,39736
1033,Vila de da Conceição, 56,319210,42383
1034,Sítio de Siqueira, 89,135838,8861
1035,Praia de Martins, 7,406290,27140
1036,Campo de Silveira, 56,172601,45291
1037,Rodovia da Paz, 73,328532,33081
1038,Estação Cassiano, 25,226243,2551
1039,Trecho de Costela, 15,253779,1378
1040,Núcleo Pinto,405559,38647
1041,Vila de Ribeiro, 86,438831,2962
1042,Praça de Nunes, 9,168797,19761
1043,Lago de Abreu, 57,90636,1808
1044,Pátio Macedo, 3,155244,5271
1045,Parque Vasconcelos,55779,9756
1046,Quadra de Azevedo, 14,63577,1070
1047,Favela Aragão, 58,236809,28485
1048,Pátio Moura, 17,358817,38978
1049,Vereda João Lucas Fonseca, 585,157350,51056
1050,Quadra Mateus da Rosa, 98,330828,39232
1051,Lagoa Barbosa, 859,497142,35508
1052,Quadra de da Mata, 8,97974,30496
1053,Recanto de Costela, 6,109377,27218
1054,Fazenda de Vieira,356583,39555
1055,Passarela Nicolas Lima, 8,318743,40583
1056,Lagoa Peixoto, 88,145973,31182
1057,Fazenda Carlos Eduardo Alves, 7,34605,43567
1058,Vila Heloísa Barbosa, 2,289853,5066
1059,Pátio Liam Gonçalves, 728,338707,16703
1060,Rodovia de Mendes, 1,283192,37218
1061,Residencial Valentim Vargas, 49,254014,3284
1062,Área Sofia Rocha, 763,185200,49070
1063,Lagoa de Melo,380178,6665
1064,Parque de Moraes, 1,234383,15153
1065,Pátio Maria Cecília Albuquerque, 4,74383,39471
1066,Praia de Costa, 6,297743,15906
1067,Distrito Albuquerque, 53,128094,11865
1068,Praça Dante Freitas, 1,103185,28515
1069,Jardim de da Paz, 44,194134,44336
1070,Jardim de Duarte, 66,256249,29462
1071,Aeroporto Eloá Fonseca, 53,299301,50975
1072,Chácara da Cruz,405559,3626
1073,Largo Fogaça,383491,32091
1074,Praça de Freitas, 7,298016,10640
1075,Lagoa Gomes,164808,48909
1076,Vila Erick Freitas, 18,394931,5216
1077,Fazenda de Viana, 39,335795,8423
1078,Rua Sofia das Neves, 56,177068,42269
1079,Jardim da Conceição, 718,493450,37101
1080,Fazenda Thales Cassiano, 32,81616,13547
1081,Passarela de Cavalcante, 27,260782,31132
1082,Passarela Luana Cavalcanti, 422,116792,13844
1083,Sítio Davi Lucas Cavalcanti, 24,245471,49543
1084,Sítio Asafe Sá, 38,407703,51174
1085,Ladeira de Brito, 50,240774,10876
1086,Fazenda de Aparecida, 2,243450,9710
1087,Parque Aragão, 3,254730,39807
1088,Estação de Duarte, 61,153269,9010
1089,Distrito de Ferreira, 49,363529,30655
1090,Esplanada Ramos, 68,433555,23314
1091,Ladeira Matheus Aparecida, 93,169361,49912
1092,Quadra de Jesus, 85,138273,3344
1093,Chácara Pacheco, 64,459039,8962
1094,Praça Thomas Martins, 27,427390,20880
1095,Campo Elisa Pires, 512,436536,46411
1096,Passarela Ramos, 9,180874,32571
1097,Fazenda de Vasconcelos, 84,287781,35541
1098,Rodovia Maria Luiza Campos, 12,4610,10894
1099,Esplanada de da Luz, 97,100656,50200
1100,Parque de Barbosa, 18,409335,16886
1101,Recanto Barros, 38,458659,12982
1102,Praça Milena Abreu, 387,336060,10222
1103,Condomínio Bernardo Cassiano, 3,149847,34930
1104,Favela de Camargo, 10,113884,48828
1105,Vereda João Gabriel Lima, 6,496643,29628
1106,Quadra Pereira,209186,29011
1107,Vila Fernandes, 91,174446,46410
1108,Estação Nunes, 909,219814,46635
1109,Condomínio Ravi da Cruz, 88,359782,36328
1110,Loteamento Pinto, 5,228804,20195
1111,Setor Luiz Felipe Rios, 56,320967,47371
1112,Parque Heloísa Borges, 94,52245,24777
1113,Vale Mendes, 676,391701,46890
1114,Área Cirino, 76,39389,17683
1115,Travessa Rebeca Mendonça,366081,20069
1116,Campo Aparecida, 810,364446,30881
1117,Feira Ana Clara Novais,493466,8547
1118,Loteamento de Sousa, 78,226686,1460
1119,Largo Almeida, 106,177570,13021
1120,Trecho Pedro Miguel Fernandes, 82,411467,1647
